업체,권역,지역,출장비_최저(원),출장비_최고(원),상품수,상품카테고리
J2Pictures,서울,서울,0,0,6,본식 스냅/서브 스냅/영상
J2Pictures,경기도,가평,150000,150000,6,본식 스냅/서브 스냅/영상
J2Pictures,경기도,광주,0,0,6,본식 스냅/서브 스냅/영상
J2Pictures,경기도,김포,0,0,6,본식 스냅/서브 스냅/영상
J2Pictures,경기도,남양주,0,0,6,본식 스냅/서브 스냅/영상
J2Pictures,경기도,동두천,100000,100000,6,본식 스냅/서브 스냅/영상
J2Pictures,경기도,성남,0,0,6,본식 스냅/서브 스냅/영상
J2Pictures,경기도,수원,0,0,6,본식 스냅/서브 스냅/영상
J2Pictures,경기도,안산,0,0,6,본식 스냅/서브 스냅/영상
J2Pictures,경기도,안산(대부도),0,0,6,본식 스냅/서브 스냅/영상
J2Pictures,경기도,안성,100000,100000,6,본식 스냅/서브 스냅/영상
J2Pictures,경기도,안양,0,0,6,본식 스냅/서브 스냅/영상
J2Pictures,경기도,양주,100000,100000,6,본식 스냅/서브 스냅/영상
J2Pictures,경기도,양평,100000,100000,6,본식 스냅/서브 스냅/영상
J2Pictures,경기도,오산,0,0,6,본식 스냅/서브 스냅/영상
J2Pictures,경기도,용인,0,0,6,본식 스냅/서브 스냅/영상
J2Pictures,경기도,의왕,0,0,6,본식 스냅/서브 스냅/영상
J2Pictures,경기도,인천,0,0,6,본식 스냅/서브 스냅/영상
J2Pictures,경기도,일산,0,0,6,본식 스냅/서브 스냅/영상
J2Pictures,경기도,파주,0,0,6,본식 스냅/서브 스냅/영상
J2Pictures,경기도,포천,100000,100000,6,본식 스냅/서브 스냅/영상
J2Pictures,경기도,하남,0,0,6,본식 스냅/서브 스냅/영상
J2Pictures,경기도,화성,0,0,6,본식 스냅/서브 스냅/영상
J2Pictures,강원도,강릉,200000,200000,6,본식 스냅/서브 스냅/영상
J2Pictures,강원도,속초,200000,200000,6,본식 스냅/서브 스냅/영상
J2Pictures,강원도,양양,200000,200000,6,본식 스냅/서브 스냅/영상
J2Pictures,강원도,원주,150000,150000,6,본식 스냅/서브 스냅/영상
J2Pictures,강원도,춘천,150000,150000,6,본식 스냅/서브 스냅/영상
J2Pictures,강원도,평창,150000,150000,6,본식 스냅/서브 스냅/영상
J2Pictures,강원도,횡성,150000,150000,6,본식 스냅/서브 스냅/영상
J2Pictures,충청도,논산,150000,150000,6,본식 스냅/서브 스냅/영상
J2Pictures,충청도,대전,150000,150000,6,본식 스냅/서브 스냅/영상
J2Pictures,충청도,제천,150000,150000,6,본식 스냅/서브 스냅/영상
J2Pictures,충청도,청주,150000,150000,6,본식 스냅/서브 스냅/영상
J2Pictures,충청도,충주,150000,150000,6,본식 스냅/서브 스냅/영상
J2Pictures,충청도,태안,150000,150000,6,본식 스냅/서브 스냅/영상
J2Pictures,전라도,광주,300000,300000,6,본식 스냅/서브 스냅/영상
J2Pictures,전라도,군산,300000,300000,6,본식 스냅/서브 스냅/영상
J2Pictures,전라도,전주,300000,300000,6,본식 스냅/서브 스냅/영상
J2Pictures,경상도,문경,300000,300000,6,본식 스냅/서브 스냅/영상
J2Pictures,경상도,부산,300000,300000,6,본식 스냅/서브 스냅/영상
J2Pictures,경상도,울산,300000,300000,6,본식 스냅/서브 스냅/영상
Ji Joe Visuals,서울,서울,0,0,3,영상
Ji Joe Visuals,경기도,가평,15,15,3,영상
Ji Joe Visuals,경기도,광주,10,10,3,영상
Ji Joe Visuals,경기도,김포,5,5,3,영상
Ji Joe Visuals,경기도,남양주,10,10,3,영상
Ji Joe Visuals,경기도,동두천,10,10,3,영상
Ji Joe Visuals,경기도,성남,5,5,3,영상
Ji Joe Visuals,경기도,수원,5,5,3,영상
Ji Joe Visuals,경기도,안산,5,5,3,영상
Ji Joe Visuals,경기도,안산(대부도),10,10,3,영상
Ji Joe Visuals,경기도,안성,10,10,3,영상
Ji Joe Visuals,경기도,안양,5,5,3,영상
Ji Joe Visuals,경기도,양주,10,10,3,영상
Ji Joe Visuals,경기도,양평,10,10,3,영상
Ji Joe Visuals,경기도,오산,10,10,3,영상
Ji Joe Visuals,경기도,용인,10,10,3,영상
Ji Joe Visuals,경기도,의왕,5,5,3,영상
Ji Joe Visuals,경기도,인천,0,0,3,영상
Ji Joe Visuals,경기도,일산,5,5,3,영상
Ji Joe Visuals,경기도,파주,10,10,3,영상
Ji Joe Visuals,경기도,포천,10,10,3,영상
Ji Joe Visuals,경기도,하남,5,5,3,영상
Ji Joe Visuals,경기도,화성,5,5,3,영상
강산픽,서울,서울,0,0,4,본식 스냅/야외 스냅
강산픽,경기도,가평,110000,110000,4,본식 스냅/야외 스냅
강산픽,경기도,광주,110000,110000,4,본식 스냅/야외 스냅
강산픽,경기도,김포,110000,110000,4,본식 스냅/야외 스냅
강산픽,경기도,남양주,110000,110000,4,본식 스냅/야외 스냅
강산픽,경기도,동두천,110000,110000,4,본식 스냅/야외 스냅
강산픽,경기도,성남,110000,110000,4,본식 스냅/야외 스냅
강산픽,경기도,수원,110000,110000,4,본식 스냅/야외 스냅
강산픽,경기도,안산,110000,110000,4,본식 스냅/야외 스냅
강산픽,경기도,안산(대부도),110000,110000,4,본식 스냅/야외 스냅
강산픽,경기도,안성,110000,110000,4,본식 스냅/야외 스냅
강산픽,경기도,안양,110000,110000,4,본식 스냅/야외 스냅
강산픽,경기도,양주,110000,110000,4,본식 스냅/야외 스냅
강산픽,경기도,양평,110000,110000,4,본식 스냅/야외 스냅
강산픽,경기도,오산,110000,110000,4,본식 스냅/야외 스냅
강산픽,경기도,용인,110000,110000,4,본식 스냅/야외 스냅
강산픽,경기도,의왕,110000,110000,4,본식 스냅/야외 스냅
강산픽,경기도,인천,110000,110000,4,본식 스냅/야외 스냅
강산픽,경기도,일산,110000,110000,4,본식 스냅/야외 스냅
강산픽,경기도,파주,110000,110000,4,본식 스냅/야외 스냅
강산픽,경기도,포천,110000,110000,4,본식 스냅/야외 스냅
강산픽,경기도,하남,110000,110000,4,본식 스냅/야외 스냅
강산픽,경기도,화성,110000,110000,4,본식 스냅/야외 스냅
강산픽,강원도,강릉,110000,110000,4,본식 스냅/야외 스냅
강산픽,강원도,속초,110000,110000,4,본식 스냅/야외 스냅
강산픽,강원도,양양,110000,110000,4,본식 스냅/야외 스냅
강산픽,강원도,원주,110000,110000,4,본식 스냅/야외 스냅
강산픽,강원도,춘천,110000,110000,4,본식 스냅/야외 스냅
강산픽,강원도,평창,110000,110000,4,본식 스냅/야외 스냅
강산픽,강원도,횡성,110000,110000,4,본식 스냅/야외 스냅
강산픽,충청도,논산,165000,165000,4,본식 스냅/야외 스냅
강산픽,충청도,대전,165000,165000,4,본식 스냅/야외 스냅
강산픽,충청도,제천,165000,165000,4,본식 스냅/야외 스냅
강산픽,충청도,청주,165000,165000,4,본식 스냅/야외 스냅
강산픽,충청도,충주,165000,165000,4,본식 스냅/야외 스냅
강산픽,충청도,태안,165000,165000,4,본식 스냅/야외 스냅
강산픽,전라도,광주,220000,220000,4,본식 스냅/야외 스냅
강산픽,전라도,군산,220000,220000,4,본식 스냅/야외 스냅
강산픽,전라도,전주,220000,220000,4,본식 스냅/야외 스냅
강산픽,경상도,문경,220000,220000,4,본식 스냅/야외 스냅
강산픽,경상도,부산,220000,220000,4,본식 스냅/야외 스냅
강산픽,경상도,울산,220000,220000,4,본식 스냅/야외 스냅
달보드레스냅,서울,서울,0,0,8,본식 스냅/서브 스냅/세미 리허설 촬영/아이폰 스냅/야외 스냅/영상
달보드레스냅,경기도,가평,100000,100000,8,본식 스냅/서브 스냅/세미 리허설 촬영/아이폰 스냅/야외 스냅/영상
달보드레스냅,경기도,광주,0,0,8,본식 스냅/서브 스냅/세미 리허설 촬영/아이폰 스냅/야외 스냅/영상
달보드레스냅,경기도,김포,0,0,8,본식 스냅/서브 스냅/세미 리허설 촬영/아이폰 스냅/야외 스냅/영상
달보드레스냅,경기도,남양주,0,0,8,본식 스냅/서브 스냅/세미 리허설 촬영/아이폰 스냅/야외 스냅/영상
달보드레스냅,경기도,동두천,50000,50000,8,본식 스냅/서브 스냅/세미 리허설 촬영/아이폰 스냅/야외 스냅/영상
달보드레스냅,경기도,성남,0,0,8,본식 스냅/서브 스냅/세미 리허설 촬영/아이폰 스냅/야외 스냅/영상
달보드레스냅,경기도,수원,0,0,8,본식 스냅/서브 스냅/세미 리허설 촬영/아이폰 스냅/야외 스냅/영상
달보드레스냅,경기도,안산,0,0,8,본식 스냅/서브 스냅/세미 리허설 촬영/아이폰 스냅/야외 스냅/영상
달보드레스냅,경기도,안산(대부도),100000,100000,8,본식 스냅/서브 스냅/세미 리허설 촬영/아이폰 스냅/야외 스냅/영상
달보드레스냅,경기도,안성,0,0,8,본식 스냅/서브 스냅/세미 리허설 촬영/아이폰 스냅/야외 스냅/영상
달보드레스냅,경기도,안양,0,0,8,본식 스냅/서브 스냅/세미 리허설 촬영/아이폰 스냅/야외 스냅/영상
달보드레스냅,경기도,양주,50000,70000,8,본식 스냅/서브 스냅/세미 리허설 촬영/아이폰 스냅/야외 스냅/영상
달보드레스냅,경기도,양평,70000,100000,8,본식 스냅/서브 스냅/세미 리허설 촬영/아이폰 스냅/야외 스냅/영상
달보드레스냅,경기도,오산,0,0,8,본식 스냅/서브 스냅/세미 리허설 촬영/아이폰 스냅/야외 스냅/영상
달보드레스냅,경기도,용인,0,0,8,본식 스냅/서브 스냅/세미 리허설 촬영/아이폰 스냅/야외 스냅/영상
달보드레스냅,경기도,의왕,0,0,8,본식 스냅/서브 스냅/세미 리허설 촬영/아이폰 스냅/야외 스냅/영상
달보드레스냅,경기도,인천,50000,50000,8,본식 스냅/서브 스냅/세미 리허설 촬영/아이폰 스냅/야외 스냅/영상
달보드레스냅,경기도,일산,0,0,8,본식 스냅/서브 스냅/세미 리허설 촬영/아이폰 스냅/야외 스냅/영상
달보드레스냅,경기도,파주,70000,100000,8,본식 스냅/서브 스냅/세미 리허설 촬영/아이폰 스냅/야외 스냅/영상
달보드레스냅,경기도,포천,50000,50000,8,본식 스냅/서브 스냅/세미 리허설 촬영/아이폰 스냅/야외 스냅/영상
달보드레스냅,경기도,하남,0,0,8,본식 스냅/서브 스냅/세미 리허설 촬영/아이폰 스냅/야외 스냅/영상
달보드레스냅,경기도,화성,0,0,8,본식 스냅/서브 스냅/세미 리허설 촬영/아이폰 스냅/야외 스냅/영상
달보드레스냅,강원도,강릉,300000,300000,8,본식 스냅/서브 스냅/세미 리허설 촬영/아이폰 스냅/야외 스냅/영상
달보드레스냅,강원도,속초,300000,300000,8,본식 스냅/서브 스냅/세미 리허설 촬영/아이폰 스냅/야외 스냅/영상
달보드레스냅,강원도,양양,300000,300000,8,본식 스냅/서브 스냅/세미 리허설 촬영/아이폰 스냅/야외 스냅/영상
달보드레스냅,강원도,원주,200000,200000,8,본식 스냅/서브 스냅/세미 리허설 촬영/아이폰 스냅/야외 스냅/영상
달보드레스냅,강원도,춘천,200000,200000,8,본식 스냅/서브 스냅/세미 리허설 촬영/아이폰 스냅/야외 스냅/영상
달보드레스냅,강원도,평창,200000,250000,8,본식 스냅/서브 스냅/세미 리허설 촬영/아이폰 스냅/야외 스냅/영상
달보드레스냅,강원도,횡성,200000,200000,8,본식 스냅/서브 스냅/세미 리허설 촬영/아이폰 스냅/야외 스냅/영상
달보드레스냅,충청도,논산,0,0,8,본식 스냅/서브 스냅/세미 리허설 촬영/아이폰 스냅/야외 스냅/영상
달보드레스냅,충청도,대전,0,0,8,본식 스냅/서브 스냅/세미 리허설 촬영/아이폰 스냅/야외 스냅/영상
달보드레스냅,충청도,제천,150000,150000,8,본식 스냅/서브 스냅/세미 리허설 촬영/아이폰 스냅/야외 스냅/영상
달보드레스냅,충청도,청주,0,0,8,본식 스냅/서브 스냅/세미 리허설 촬영/아이폰 스냅/야외 스냅/영상
달보드레스냅,충청도,충주,100000,100000,8,본식 스냅/서브 스냅/세미 리허설 촬영/아이폰 스냅/야외 스냅/영상
달보드레스냅,충청도,태안,150000,150000,8,본식 스냅/서브 스냅/세미 리허설 촬영/아이폰 스냅/야외 스냅/영상
달보드레스냅,전라도,광주,200000,200000,8,본식 스냅/서브 스냅/세미 리허설 촬영/아이폰 스냅/야외 스냅/영상
달보드레스냅,전라도,군산,100000,100000,8,본식 스냅/서브 스냅/세미 리허설 촬영/아이폰 스냅/야외 스냅/영상
달보드레스냅,전라도,전주,150000,150000,8,본식 스냅/서브 스냅/세미 리허설 촬영/아이폰 스냅/야외 스냅/영상
달보드레스냅,경상도,문경,150000,150000,8,본식 스냅/서브 스냅/세미 리허설 촬영/아이폰 스냅/야외 스냅/영상
달보드레스냅,경상도,부산,250000,250000,8,본식 스냅/서브 스냅/세미 리허설 촬영/아이폰 스냅/야외 스냅/영상
달보드레스냅,경상도,울산,250000,250000,8,본식 스냅/서브 스냅/세미 리허설 촬영/아이폰 스냅/야외 스냅/영상
디어글로우 포토그라피,서울,서울,0,0,3,본식 스냅
디어글로우 포토그라피,경기도,가평,70000,70000,3,본식 스냅
디어글로우 포토그라피,경기도,광주,70000,70000,3,본식 스냅
디어글로우 포토그라피,경기도,김포,70000,70000,3,본식 스냅
디어글로우 포토그라피,경기도,남양주,70000,70000,3,본식 스냅
디어글로우 포토그라피,경기도,동두천,70000,70000,3,본식 스냅
디어글로우 포토그라피,경기도,성남,70000,70000,3,본식 스냅
디어글로우 포토그라피,경기도,수원,70000,70000,3,본식 스냅
디어글로우 포토그라피,경기도,안산,70000,70000,3,본식 스냅
디어글로우 포토그라피,경기도,안산(대부도),70000,70000,3,본식 스냅
디어글로우 포토그라피,경기도,안성,70000,70000,3,본식 스냅
디어글로우 포토그라피,경기도,안양,70000,70000,3,본식 스냅
디어글로우 포토그라피,경기도,양주,70000,70000,3,본식 스냅
디어글로우 포토그라피,경기도,양평,70000,70000,3,본식 스냅
디어글로우 포토그라피,경기도,오산,70000,70000,3,본식 스냅
디어글로우 포토그라피,경기도,용인,70000,70000,3,본식 스냅
디어글로우 포토그라피,경기도,의왕,70000,70000,3,본식 스냅
디어글로우 포토그라피,경기도,인천,70000,70000,3,본식 스냅
디어글로우 포토그라피,경기도,일산,70000,70000,3,본식 스냅
디어글로우 포토그라피,경기도,파주,70000,70000,3,본식 스냅
디어글로우 포토그라피,경기도,포천,70000,70000,3,본식 스냅
디어글로우 포토그라피,경기도,하남,70000,70000,3,본식 스냅
디어글로우 포토그라피,경기도,화성,70000,70000,3,본식 스냅
디어글로우 포토그라피,강원도,강릉,300000,300000,3,본식 스냅
디어글로우 포토그라피,강원도,속초,300000,300000,3,본식 스냅
디어글로우 포토그라피,강원도,양양,300000,300000,3,본식 스냅
디어글로우 포토그라피,강원도,원주,300000,300000,3,본식 스냅
디어글로우 포토그라피,강원도,춘천,300000,300000,3,본식 스냅
디어글로우 포토그라피,강원도,평창,300000,300000,3,본식 스냅
디어글로우 포토그라피,강원도,횡성,300000,300000,3,본식 스냅
디어글로우 포토그라피,충청도,논산,100000,100000,3,본식 스냅
디어글로우 포토그라피,충청도,대전,100000,100000,3,본식 스냅
디어글로우 포토그라피,충청도,제천,100000,100000,3,본식 스냅
디어글로우 포토그라피,충청도,청주,100000,100000,3,본식 스냅
디어글로우 포토그라피,충청도,충주,100000,100000,3,본식 스냅
디어글로우 포토그라피,충청도,태안,100000,100000,3,본식 스냅
디어글로우 포토그라피,전라도,광주,300000,300000,3,본식 스냅
디어글로우 포토그라피,전라도,군산,300000,300000,3,본식 스냅
디어글로우 포토그라피,전라도,전주,300000,300000,3,본식 스냅
디어글로우 포토그라피,경상도,문경,300000,300000,3,본식 스냅
디어글로우 포토그라피,경상도,부산,300000,300000,3,본식 스냅
디어글로우 포토그라피,경상도,울산,300000,300000,3,본식 스냅
디어플티,서울,서울,0,0,2,아이폰 스냅
디어플티,경기도,가평,50000,50000,2,아이폰 스냅
디어플티,경기도,광주,50000,50000,2,아이폰 스냅
디어플티,경기도,김포,30000,30000,2,아이폰 스냅
디어플티,경기도,남양주,30000,30000,2,아이폰 스냅
디어플티,경기도,동두천,30000,30000,2,아이폰 스냅
디어플티,경기도,성남,30000,30000,2,아이폰 스냅
디어플티,경기도,수원,30000,30000,2,아이폰 스냅
디어플티,경기도,안산,50000,50000,2,아이폰 스냅
디어플티,경기도,안산(대부도),0,0,2,아이폰 스냅
디어플티,경기도,안성,50000,50000,2,아이폰 스냅
디어플티,경기도,안양,30000,30000,2,아이폰 스냅
디어플티,경기도,양주,30000,30000,2,아이폰 스냅
디어플티,경기도,양평,50000,50000,2,아이폰 스냅
디어플티,경기도,오산,50000,50000,2,아이폰 스냅
디어플티,경기도,용인,30000,30000,2,아이폰 스냅
디어플티,경기도,의왕,30000,30000,2,아이폰 스냅
디어플티,경기도,인천,30000,30000,2,아이폰 스냅
디어플티,경기도,일산,30000,30000,2,아이폰 스냅
디어플티,경기도,파주,30000,30000,2,아이폰 스냅
디어플티,경기도,포천,30000,30000,2,아이폰 스냅
디어플티,경기도,하남,30000,30000,2,아이폰 스냅
디어플티,경기도,화성,50000,50000,2,아이폰 스냅
루스모먼트(LuzMoment),경기도,가평,0,0,2,아이폰 스냅
루스모먼트(LuzMoment),경기도,광주,0,0,2,아이폰 스냅
루스모먼트(LuzMoment),경기도,김포,0,0,2,아이폰 스냅
루스모먼트(LuzMoment),경기도,남양주,0,0,2,아이폰 스냅
루스모먼트(LuzMoment),경기도,동두천,0,0,2,아이폰 스냅
루스모먼트(LuzMoment),경기도,성남,0,0,2,아이폰 스냅
루스모먼트(LuzMoment),경기도,수원,0,0,2,아이폰 스냅
루스모먼트(LuzMoment),경기도,안산,0,0,2,아이폰 스냅
루스모먼트(LuzMoment),경기도,안산(대부도),0,0,2,아이폰 스냅
루스모먼트(LuzMoment),경기도,안성,0,0,2,아이폰 스냅
루스모먼트(LuzMoment),경기도,안양,0,0,2,아이폰 스냅
루스모먼트(LuzMoment),경기도,양주,0,0,2,아이폰 스냅
루스모먼트(LuzMoment),경기도,양평,0,0,2,아이폰 스냅
루스모먼트(LuzMoment),경기도,오산,0,0,2,아이폰 스냅
루스모먼트(LuzMoment),경기도,용인,0,0,2,아이폰 스냅
루스모먼트(LuzMoment),경기도,의왕,0,0,2,아이폰 스냅
루스모먼트(LuzMoment),경기도,인천,0,0,2,아이폰 스냅
루스모먼트(LuzMoment),경기도,일산,0,0,2,아이폰 스냅
루스모먼트(LuzMoment),경기도,파주,0,0,2,아이폰 스냅
루스모먼트(LuzMoment),경기도,포천,0,0,2,아이폰 스냅
루스모먼트(LuzMoment),경기도,하남,0,0,2,아이폰 스냅
루스모먼트(LuzMoment),경기도,화성,0,0,2,아이폰 스냅
루스모먼트(LuzMoment),강원도,강릉,0,0,2,아이폰 스냅
루스모먼트(LuzMoment),강원도,속초,0,0,2,아이폰 스냅
루스모먼트(LuzMoment),강원도,양양,0,0,2,아이폰 스냅
루스모먼트(LuzMoment),강원도,원주,0,0,2,아이폰 스냅
루스모먼트(LuzMoment),강원도,춘천,0,0,2,아이폰 스냅
루스모먼트(LuzMoment),강원도,평창,0,0,2,아이폰 스냅
루스모먼트(LuzMoment),강원도,횡성,0,0,2,아이폰 스냅
루스모먼트(LuzMoment),충청도,논산,0,0,2,아이폰 스냅
루스모먼트(LuzMoment),충청도,대전,0,0,2,아이폰 스냅
루스모먼트(LuzMoment),충청도,제천,0,0,2,아이폰 스냅
루스모먼트(LuzMoment),충청도,청주,0,0,2,아이폰 스냅
루스모먼트(LuzMoment),충청도,충주,0,0,2,아이폰 스냅
루스모먼트(LuzMoment),충청도,태안,0,0,2,아이폰 스냅
루스모먼트(LuzMoment),전라도,광주,0,0,2,아이폰 스냅
루스모먼트(LuzMoment),전라도,군산,0,0,2,아이폰 스냅
루스모먼트(LuzMoment),전라도,전주,0,0,2,아이폰 스냅
루스모먼트(LuzMoment),경상도,문경,0,0,2,아이폰 스냅
루스모먼트(LuzMoment),경상도,부산,0,0,2,아이폰 스냅
루스모먼트(LuzMoment),경상도,울산,0,0,2,아이폰 스냅
매리유,서울,서울,0,0,4,본식 스냅/아이폰 스냅/영상
매리유,경기도,가평,100000,100000,4,본식 스냅/아이폰 스냅/영상
매리유,경기도,광주,70000,70000,4,본식 스냅/아이폰 스냅/영상
매리유,경기도,김포,70000,70000,4,본식 스냅/아이폰 스냅/영상
매리유,경기도,남양주,70000,70000,4,본식 스냅/아이폰 스냅/영상
매리유,경기도,동두천,100000,100000,4,본식 스냅/아이폰 스냅/영상
매리유,경기도,성남,50000,50000,4,본식 스냅/아이폰 스냅/영상
매리유,경기도,수원,0,0,4,본식 스냅/아이폰 스냅/영상
매리유,경기도,안산,70000,70000,4,본식 스냅/아이폰 스냅/영상
매리유,경기도,안산(대부도),70000,70000,4,본식 스냅/아이폰 스냅/영상
매리유,경기도,안성,100000,100000,4,본식 스냅/아이폰 스냅/영상
매리유,경기도,안양,50000,50000,4,본식 스냅/아이폰 스냅/영상
매리유,경기도,양주,70000,70000,4,본식 스냅/아이폰 스냅/영상
매리유,경기도,양평,100000,100000,4,본식 스냅/아이폰 스냅/영상
매리유,경기도,오산,100000,100000,4,본식 스냅/아이폰 스냅/영상
매리유,경기도,용인,70000,70000,4,본식 스냅/아이폰 스냅/영상
매리유,경기도,의왕,50000,50000,4,본식 스냅/아이폰 스냅/영상
매리유,경기도,인천,0,0,4,본식 스냅/아이폰 스냅/영상
매리유,경기도,일산,50000,50000,4,본식 스냅/아이폰 스냅/영상
매리유,경기도,파주,70000,70000,4,본식 스냅/아이폰 스냅/영상
매리유,경기도,포천,100000,100000,4,본식 스냅/아이폰 스냅/영상
매리유,경기도,하남,50000,50000,4,본식 스냅/아이폰 스냅/영상
매리유,경기도,화성,100000,100000,4,본식 스냅/아이폰 스냅/영상
매리유,강원도,강릉,150000,150000,4,본식 스냅/아이폰 스냅/영상
매리유,강원도,속초,170000,170000,4,본식 스냅/아이폰 스냅/영상
매리유,강원도,양양,170000,170000,4,본식 스냅/아이폰 스냅/영상
매리유,강원도,원주,100000,100000,4,본식 스냅/아이폰 스냅/영상
매리유,강원도,춘천,100000,100000,4,본식 스냅/아이폰 스냅/영상
매리유,강원도,평창,150000,150000,4,본식 스냅/아이폰 스냅/영상
매리유,강원도,횡성,150000,150000,4,본식 스냅/아이폰 스냅/영상
매리유,충청도,논산,150000,150000,4,본식 스냅/아이폰 스냅/영상
매리유,충청도,대전,150000,150000,4,본식 스냅/아이폰 스냅/영상
매리유,충청도,제천,150000,150000,4,본식 스냅/아이폰 스냅/영상
매리유,충청도,청주,150000,150000,4,본식 스냅/아이폰 스냅/영상
매리유,충청도,충주,150000,150000,4,본식 스냅/아이폰 스냅/영상
매리유,충청도,태안,150000,150000,4,본식 스냅/아이폰 스냅/영상
매리유,전라도,광주,250000,250000,4,본식 스냅/아이폰 스냅/영상
매리유,전라도,군산,200000,200000,4,본식 스냅/아이폰 스냅/영상
매리유,전라도,전주,200000,200000,4,본식 스냅/아이폰 스냅/영상
매리유,경상도,문경,200000,200000,4,본식 스냅/아이폰 스냅/영상
매리유,경상도,부산,0,0,4,본식 스냅/아이폰 스냅/영상
매리유,경상도,울산,100000,100000,4,본식 스냅/아이폰 스냅/영상
빈스냅,경기도,가평,100000,100000,1,본식 스냅
빈스냅,경기도,광주,50000,50000,1,본식 스냅
빈스냅,경기도,김포,0,0,1,본식 스냅
빈스냅,경기도,남양주,50000,50000,1,본식 스냅
빈스냅,경기도,동두천,50000,50000,1,본식 스냅
빈스냅,경기도,성남,50000,50000,1,본식 스냅
빈스냅,경기도,수원,50000,50000,1,본식 스냅
빈스냅,경기도,안산,50000,50000,1,본식 스냅
빈스냅,경기도,안산(대부도),50000,50000,1,본식 스냅
빈스냅,경기도,안성,50000,50000,1,본식 스냅
빈스냅,경기도,안양,0,0,1,본식 스냅
빈스냅,경기도,양주,50000,50000,1,본식 스냅
빈스냅,경기도,양평,100000,100000,1,본식 스냅
빈스냅,경기도,오산,50000,50000,1,본식 스냅
빈스냅,경기도,용인,50000,50000,1,본식 스냅
빈스냅,경기도,의왕,0,0,1,본식 스냅
빈스냅,경기도,인천,0,0,1,본식 스냅
빈스냅,경기도,일산,0,0,1,본식 스냅
빈스냅,경기도,파주,0,0,1,본식 스냅
빈스냅,경기도,포천,50000,50000,1,본식 스냅
빈스냅,경기도,하남,0,0,1,본식 스냅
빈스냅,경기도,화성,50000,50000,1,본식 스냅
빈스냅,강원도,강릉,200000,200000,1,본식 스냅
빈스냅,강원도,속초,200000,200000,1,본식 스냅
빈스냅,강원도,양양,200000,200000,1,본식 스냅
빈스냅,강원도,원주,100000,100000,1,본식 스냅
빈스냅,강원도,춘천,100000,100000,1,본식 스냅
빈스냅,강원도,평창,150000,150000,1,본식 스냅
빈스냅,강원도,횡성,150000,150000,1,본식 스냅
빈스냅,충청도,논산,100000,100000,1,본식 스냅
빈스냅,충청도,대전,150000,150000,1,본식 스냅
빈스냅,충청도,제천,100000,100000,1,본식 스냅
빈스냅,충청도,청주,100000,100000,1,본식 스냅
빈스냅,충청도,충주,100000,100000,1,본식 스냅
빈스냅,충청도,태안,100000,100000,1,본식 스냅
빈스냅,전라도,광주,200000,200000,1,본식 스냅
빈스냅,전라도,군산,200000,200000,1,본식 스냅
빈스냅,전라도,전주,200000,200000,1,본식 스냅
빈스냅,경상도,문경,200000,200000,1,본식 스냅
빈스냅,경상도,부산,300000,300000,1,본식 스냅
빈스냅,경상도,울산,300000,300000,1,본식 스냅
빌라드블랑스냅,서울,서울,0,0,1,본식 스냅
빌라드블랑스냅,경기도,가평,100000,100000,1,본식 스냅
빌라드블랑스냅,경기도,광주,100000,100000,1,본식 스냅
빌라드블랑스냅,경기도,김포,70000,70000,1,본식 스냅
빌라드블랑스냅,경기도,남양주,70000,70000,1,본식 스냅
빌라드블랑스냅,경기도,동두천,100000,100000,1,본식 스냅
빌라드블랑스냅,경기도,성남,50000,50000,1,본식 스냅
빌라드블랑스냅,경기도,수원,100000,100000,1,본식 스냅
빌라드블랑스냅,경기도,안산,100000,100000,1,본식 스냅
빌라드블랑스냅,경기도,안산(대부도),150000,150000,1,본식 스냅
빌라드블랑스냅,경기도,안성,130000,130000,1,본식 스냅
빌라드블랑스냅,경기도,안양,70000,70000,1,본식 스냅
빌라드블랑스냅,경기도,양주,100000,100000,1,본식 스냅
빌라드블랑스냅,경기도,양평,120000,120000,1,본식 스냅
빌라드블랑스냅,경기도,오산,150000,150000,1,본식 스냅
빌라드블랑스냅,경기도,용인,100000,100000,1,본식 스냅
빌라드블랑스냅,경기도,의왕,70000,70000,1,본식 스냅
빌라드블랑스냅,경기도,인천,100000,100000,1,본식 스냅
빌라드블랑스냅,경기도,일산,70000,70000,1,본식 스냅
빌라드블랑스냅,경기도,파주,100000,100000,1,본식 스냅
빌라드블랑스냅,경기도,포천,150000,150000,1,본식 스냅
빌라드블랑스냅,경기도,하남,100000,100000,1,본식 스냅
빌라드블랑스냅,경기도,화성,130000,130000,1,본식 스냅
빌라드블랑스냅,강원도,강릉,250000,250000,1,본식 스냅
빌라드블랑스냅,강원도,속초,250000,250000,1,본식 스냅
빌라드블랑스냅,강원도,양양,250000,250000,1,본식 스냅
빌라드블랑스냅,강원도,원주,200000,200000,1,본식 스냅
빌라드블랑스냅,강원도,춘천,200000,200000,1,본식 스냅
빌라드블랑스냅,강원도,평창,230000,230000,1,본식 스냅
빌라드블랑스냅,강원도,횡성,230000,230000,1,본식 스냅
빌라드블랑스냅,충청도,논산,160000,160000,1,본식 스냅
빌라드블랑스냅,충청도,대전,150000,150000,1,본식 스냅
빌라드블랑스냅,충청도,제천,200000,200000,1,본식 스냅
빌라드블랑스냅,충청도,청주,200000,200000,1,본식 스냅
빌라드블랑스냅,충청도,충주,200000,200000,1,본식 스냅
빌라드블랑스냅,충청도,태안,200000,200000,1,본식 스냅
빌라드블랑스냅,전라도,광주,250000,250000,1,본식 스냅
빌라드블랑스냅,전라도,군산,200000,200000,1,본식 스냅
빌라드블랑스냅,전라도,전주,200000,200000,1,본식 스냅
빌라드블랑스냅,경상도,문경,250000,250000,1,본식 스냅
빌라드블랑스냅,경상도,부산,300000,300000,1,본식 스냅
빌라드블랑스냅,경상도,울산,300000,300000,1,본식 스냅
빌리에또,서울,서울,0,0,3,본식 스냅/야외 스냅
빌리에또,경기도,가평,0,100000,3,본식 스냅/야외 스냅
빌리에또,경기도,광주,0,50000,3,본식 스냅/야외 스냅
빌리에또,경기도,김포,0,50000,3,본식 스냅/야외 스냅
빌리에또,경기도,남양주,0,50000,3,본식 스냅/야외 스냅
빌리에또,경기도,동두천,0,50000,3,본식 스냅/야외 스냅
빌리에또,경기도,성남,0,50000,3,본식 스냅/야외 스냅
빌리에또,경기도,수원,0,50000,3,본식 스냅/야외 스냅
빌리에또,경기도,안산,0,50000,3,본식 스냅/야외 스냅
빌리에또,경기도,안산(대부도),0,50000,3,본식 스냅/야외 스냅
빌리에또,경기도,안성,0,50000,3,본식 스냅/야외 스냅
빌리에또,경기도,안양,0,50000,3,본식 스냅/야외 스냅
빌리에또,경기도,양주,0,50000,3,본식 스냅/야외 스냅
빌리에또,경기도,양평,0,50000,3,본식 스냅/야외 스냅
빌리에또,경기도,오산,0,50000,3,본식 스냅/야외 스냅
빌리에또,경기도,용인,0,50000,3,본식 스냅/야외 스냅
빌리에또,경기도,의왕,0,50000,3,본식 스냅/야외 스냅
빌리에또,경기도,인천,0,50000,3,본식 스냅/야외 스냅
빌리에또,경기도,일산,0,50000,3,본식 스냅/야외 스냅
빌리에또,경기도,파주,0,50000,3,본식 스냅/야외 스냅
빌리에또,경기도,포천,0,50000,3,본식 스냅/야외 스냅
빌리에또,경기도,하남,0,50000,3,본식 스냅/야외 스냅
빌리에또,경기도,화성,0,50000,3,본식 스냅/야외 스냅
빌리에또,강원도,강릉,100000,100000,2,본식 스냅
빌리에또,강원도,속초,100000,100000,2,본식 스냅
빌리에또,강원도,양양,100000,100000,2,본식 스냅
빌리에또,강원도,원주,100000,100000,2,본식 스냅
빌리에또,강원도,춘천,100000,100000,2,본식 스냅
빌리에또,강원도,평창,100000,100000,2,본식 스냅
빌리에또,강원도,횡성,100000,100000,2,본식 스냅
빌리에또,충청도,논산,100000,100000,2,본식 스냅
빌리에또,충청도,대전,100000,100000,2,본식 스냅
빌리에또,충청도,제천,100000,100000,2,본식 스냅
빌리에또,충청도,청주,100000,100000,2,본식 스냅
빌리에또,충청도,충주,100000,100000,2,본식 스냅
빌리에또,충청도,태안,100000,100000,2,본식 스냅
빌리에또,전라도,광주,200000,200000,2,본식 스냅
빌리에또,전라도,군산,200000,200000,2,본식 스냅
빌리에또,전라도,전주,200000,200000,2,본식 스냅
빌리에또,경상도,문경,200000,200000,2,본식 스냅
빌리에또,경상도,부산,300000,300000,2,본식 스냅
빌리에또,경상도,울산,300000,300000,2,본식 스냅
빌링스 스튜디오,서울,서울,0,0,2,본식 스냅/세미 리허설 촬영
빌링스 스튜디오,경기도,가평,0,200000,2,본식 스냅/세미 리허설 촬영
빌링스 스튜디오,경기도,광주,0,150000,2,본식 스냅/세미 리허설 촬영
빌링스 스튜디오,경기도,김포,0,150000,2,본식 스냅/세미 리허설 촬영
빌링스 스튜디오,경기도,남양주,0,150000,2,본식 스냅/세미 리허설 촬영
빌링스 스튜디오,경기도,동두천,0,150000,2,본식 스냅/세미 리허설 촬영
빌링스 스튜디오,경기도,성남,0,100000,2,본식 스냅/세미 리허설 촬영
빌링스 스튜디오,경기도,수원,0,100000,2,본식 스냅/세미 리허설 촬영
빌링스 스튜디오,경기도,안산,0,150000,2,본식 스냅/세미 리허설 촬영
빌링스 스튜디오,경기도,안산(대부도),0,200000,2,본식 스냅/세미 리허설 촬영
빌링스 스튜디오,경기도,안성,0,150000,2,본식 스냅/세미 리허설 촬영
빌링스 스튜디오,경기도,안양,0,100000,2,본식 스냅/세미 리허설 촬영
빌링스 스튜디오,경기도,양주,0,150000,2,본식 스냅/세미 리허설 촬영
빌링스 스튜디오,경기도,양평,0,150000,2,본식 스냅/세미 리허설 촬영
빌링스 스튜디오,경기도,오산,0,150000,2,본식 스냅/세미 리허설 촬영
빌링스 스튜디오,경기도,용인,0,150000,2,본식 스냅/세미 리허설 촬영
빌링스 스튜디오,경기도,의왕,0,100000,2,본식 스냅/세미 리허설 촬영
빌링스 스튜디오,경기도,인천,0,150000,2,본식 스냅/세미 리허설 촬영
빌링스 스튜디오,경기도,일산,0,100000,2,본식 스냅/세미 리허설 촬영
빌링스 스튜디오,경기도,파주,0,150000,2,본식 스냅/세미 리허설 촬영
빌링스 스튜디오,경기도,포천,0,150000,2,본식 스냅/세미 리허설 촬영
빌링스 스튜디오,경기도,하남,0,100000,2,본식 스냅/세미 리허설 촬영
빌링스 스튜디오,경기도,화성,0,150000,2,본식 스냅/세미 리허설 촬영
빌링스 스튜디오,강원도,강릉,300000,300000,1,본식 스냅
빌링스 스튜디오,강원도,속초,300000,300000,1,본식 스냅
빌링스 스튜디오,강원도,양양,300000,300000,1,본식 스냅
빌링스 스튜디오,강원도,원주,300000,300000,1,본식 스냅
빌링스 스튜디오,강원도,춘천,300000,300000,1,본식 스냅
빌링스 스튜디오,강원도,평창,300000,300000,1,본식 스냅
빌링스 스튜디오,강원도,횡성,300000,300000,1,본식 스냅
빌링스 스튜디오,충청도,논산,300000,300000,1,본식 스냅
빌링스 스튜디오,충청도,대전,300000,300000,1,본식 스냅
빌링스 스튜디오,충청도,제천,250000,250000,1,본식 스냅
빌링스 스튜디오,충청도,청주,250000,250000,1,본식 스냅
빌링스 스튜디오,충청도,충주,250000,250000,1,본식 스냅
빌링스 스튜디오,충청도,태안,300000,300000,1,본식 스냅
빌링스 스튜디오,전라도,광주,400000,400000,1,본식 스냅
빌링스 스튜디오,전라도,군산,400000,400000,1,본식 스냅
빌링스 스튜디오,전라도,전주,400000,400000,1,본식 스냅
빌링스 스튜디오,경상도,문경,400000,400000,1,본식 스냅
빌링스 스튜디오,경상도,부산,500000,500000,1,본식 스냅
빌링스 스튜디오,경상도,울산,400000,400000,1,본식 스냅
사라킴포토그라피,경기도,가평,150000,150000,2,본식 스냅
사라킴포토그라피,경기도,광주,150000,150000,2,본식 스냅
사라킴포토그라피,경기도,김포,100000,100000,2,본식 스냅
사라킴포토그라피,경기도,남양주,100000,100000,2,본식 스냅
사라킴포토그라피,경기도,동두천,150000,150000,2,본식 스냅
사라킴포토그라피,경기도,성남,150000,150000,2,본식 스냅
사라킴포토그라피,경기도,수원,150000,150000,2,본식 스냅
사라킴포토그라피,경기도,안산,0,0,2,본식 스냅
사라킴포토그라피,경기도,안산(대부도),0,0,2,본식 스냅
사라킴포토그라피,경기도,안성,0,0,2,본식 스냅
사라킴포토그라피,경기도,안양,0,0,2,본식 스냅
사라킴포토그라피,경기도,양주,0,0,2,본식 스냅
사라킴포토그라피,경기도,양평,200000,200000,2,본식 스냅
사라킴포토그라피,경기도,오산,0,0,2,본식 스냅
사라킴포토그라피,경기도,용인,150000,150000,2,본식 스냅
사라킴포토그라피,경기도,의왕,150000,150000,2,본식 스냅
사라킴포토그라피,경기도,인천,150000,150000,2,본식 스냅
사라킴포토그라피,경기도,일산,150000,150000,2,본식 스냅
사라킴포토그라피,경기도,파주,200000,200000,2,본식 스냅
사라킴포토그라피,경기도,포천,200000,200000,2,본식 스냅
사라킴포토그라피,경기도,하남,0,0,2,본식 스냅
사라킴포토그라피,경기도,화성,0,0,2,본식 스냅
사라킴포토그라피,충청도,논산,200000,200000,2,본식 스냅
사라킴포토그라피,충청도,대전,50000,50000,2,본식 스냅
사라킴포토그라피,충청도,제천,0,0,2,본식 스냅
사라킴포토그라피,충청도,청주,50000,50000,2,본식 스냅
사라킴포토그라피,충청도,충주,50000,50000,2,본식 스냅
사라킴포토그라피,충청도,태안,0,0,2,본식 스냅
사라킴포토그라피,전라도,광주,300000,300000,2,본식 스냅
사라킴포토그라피,전라도,군산,300000,300000,2,본식 스냅
사라킴포토그라피,전라도,전주,200000,200000,2,본식 스냅
애프터스튜디오,서울,서울,0,0,2,영상
애프터스튜디오,경기도,가평,0,0,2,영상
애프터스튜디오,경기도,광주,0,0,2,영상
애프터스튜디오,경기도,김포,0,0,2,영상
애프터스튜디오,경기도,남양주,0,0,2,영상
애프터스튜디오,경기도,동두천,0,0,2,영상
애프터스튜디오,경기도,성남,0,0,2,영상
애프터스튜디오,경기도,수원,0,0,2,영상
애프터스튜디오,경기도,안산,0,0,2,영상
애프터스튜디오,경기도,안산(대부도),0,0,2,영상
애프터스튜디오,경기도,안성,0,0,2,영상
애프터스튜디오,경기도,안양,0,0,2,영상
애프터스튜디오,경기도,양주,0,0,2,영상
애프터스튜디오,경기도,양평,0,0,2,영상
애프터스튜디오,경기도,오산,0,0,2,영상
애프터스튜디오,경기도,용인,0,0,2,영상
애프터스튜디오,경기도,의왕,0,0,2,영상
애프터스튜디오,경기도,인천,0,0,2,영상
애프터스튜디오,경기도,일산,0,0,2,영상
애프터스튜디오,경기도,파주,0,0,2,영상
애프터스튜디오,경기도,포천,0,0,2,영상
애프터스튜디오,경기도,하남,0,0,2,영상
애프터스튜디오,경기도,화성,0,0,2,영상
애프터스튜디오,강원도,강릉,0,0,2,영상
애프터스튜디오,강원도,속초,0,0,2,영상
애프터스튜디오,강원도,양양,0,0,2,영상
애프터스튜디오,강원도,원주,0,0,2,영상
애프터스튜디오,강원도,춘천,0,0,2,영상
애프터스튜디오,강원도,평창,0,0,2,영상
애프터스튜디오,강원도,횡성,0,0,2,영상
애프터스튜디오,충청도,논산,0,0,2,영상
애프터스튜디오,충청도,대전,0,0,2,영상
애프터스튜디오,충청도,제천,0,0,2,영상
애프터스튜디오,충청도,청주,0,0,2,영상
애프터스튜디오,충청도,충주,0,0,2,영상
애프터스튜디오,충청도,태안,0,0,2,영상
애프터스튜디오,전라도,광주,0,0,2,영상
애프터스튜디오,전라도,군산,0,0,2,영상
애프터스튜디오,전라도,전주,0,0,2,영상
애프터스튜디오,경상도,문경,0,0,2,영상
애프터스튜디오,경상도,부산,0,0,2,영상
애프터스튜디오,경상도,울산,0,0,2,영상
에버리스냅,경기도,가평,30000,30000,1,아이폰 스냅
에버리스냅,경기도,광주,30000,30000,1,아이폰 스냅
에버리스냅,경기도,김포,30000,30000,1,아이폰 스냅
에버리스냅,경기도,남양주,0,0,1,아이폰 스냅
에버리스냅,경기도,동두천,30000,30000,1,아이폰 스냅
에버리스냅,경기도,성남,30000,30000,1,아이폰 스냅
에버리스냅,경기도,수원,30000,30000,1,아이폰 스냅
에버리스냅,경기도,안산,30000,30000,1,아이폰 스냅
에버리스냅,경기도,안산(대부도),30000,30000,1,아이폰 스냅
에버리스냅,경기도,안성,30000,30000,1,아이폰 스냅
에버리스냅,경기도,안양,30000,30000,1,아이폰 스냅
에버리스냅,경기도,양주,30000,30000,1,아이폰 스냅
에버리스냅,경기도,양평,30000,30000,1,아이폰 스냅
에버리스냅,경기도,오산,30000,30000,1,아이폰 스냅
에버리스냅,경기도,용인,30000,30000,1,아이폰 스냅
에버리스냅,경기도,의왕,30000,30000,1,아이폰 스냅
에버리스냅,경기도,인천,30000,30000,1,아이폰 스냅
에버리스냅,경기도,일산,30000,30000,1,아이폰 스냅
에버리스냅,경기도,파주,30000,30000,1,아이폰 스냅
에버리스냅,경기도,포천,30000,30000,1,아이폰 스냅
에버리스냅,경기도,하남,30000,30000,1,아이폰 스냅
에버리스냅,경기도,화성,30000,30000,1,아이폰 스냅
에버리스냅,충청도,논산,0,0,1,아이폰 스냅
에버리스냅,충청도,대전,0,0,1,아이폰 스냅
에버리스냅,충청도,제천,0,0,1,아이폰 스냅
에버리스냅,충청도,청주,0,0,1,아이폰 스냅
에버리스냅,충청도,충주,0,0,1,아이폰 스냅
에버리스냅,충청도,태안,0,0,1,아이폰 스냅
에버리스냅,경상도,문경,0,0,1,아이폰 스냅
에버리스냅,경상도,부산,0,0,1,아이폰 스냅
에버리스냅,경상도,울산,0,0,1,아이폰 스냅
오픈웨딩 스냅,서울,서울,0,0,1,아이폰 스냅
오픈웨딩 스냅,경기도,가평,100000,100000,1,아이폰 스냅
오픈웨딩 스냅,경기도,광주,100000,100000,1,아이폰 스냅
오픈웨딩 스냅,경기도,김포,100000,100000,1,아이폰 스냅
오픈웨딩 스냅,경기도,남양주,100000,100000,1,아이폰 스냅
오픈웨딩 스냅,경기도,동두천,100000,100000,1,아이폰 스냅
오픈웨딩 스냅,경기도,성남,100000,100000,1,아이폰 스냅
오픈웨딩 스냅,경기도,수원,100000,100000,1,아이폰 스냅
오픈웨딩 스냅,경기도,안산,100000,100000,1,아이폰 스냅
오픈웨딩 스냅,경기도,안산(대부도),100000,100000,1,아이폰 스냅
오픈웨딩 스냅,경기도,안성,100000,100000,1,아이폰 스냅
오픈웨딩 스냅,경기도,안양,100000,100000,1,아이폰 스냅
오픈웨딩 스냅,경기도,양주,100000,100000,1,아이폰 스냅
오픈웨딩 스냅,경기도,양평,100000,100000,1,아이폰 스냅
오픈웨딩 스냅,경기도,오산,100000,100000,1,아이폰 스냅
오픈웨딩 스냅,경기도,용인,100000,100000,1,아이폰 스냅
오픈웨딩 스냅,경기도,의왕,100000,100000,1,아이폰 스냅
오픈웨딩 스냅,경기도,인천,123000,123000,1,아이폰 스냅
오픈웨딩 스냅,경기도,일산,0,0,1,아이폰 스냅
오픈웨딩 스냅,경기도,파주,0,0,1,아이폰 스냅
오픈웨딩 스냅,경기도,포천,0,0,1,아이폰 스냅
오픈웨딩 스냅,경기도,하남,0,0,1,아이폰 스냅
오픈웨딩 스냅,경기도,화성,0,0,1,아이폰 스냅
오픈웨딩 스냅,충청도,논산,0,0,1,아이폰 스냅
오픈웨딩 스냅,충청도,대전,0,0,1,아이폰 스냅
오픈웨딩 스냅,충청도,제천,0,0,1,아이폰 스냅
오픈웨딩 스냅,충청도,청주,0,0,1,아이폰 스냅
오픈웨딩 스냅,충청도,충주,0,0,1,아이폰 스냅
오픈웨딩 스냅,충청도,태안,0,0,1,아이폰 스냅
온미,경기도,가평,50000,50000,4,아이폰 스냅
온미,경기도,광주,50000,50000,4,아이폰 스냅
온미,경기도,김포,0,0,4,아이폰 스냅
온미,경기도,남양주,30000,30000,4,아이폰 스냅
온미,경기도,동두천,50000,50000,4,아이폰 스냅
온미,경기도,성남,20000,20000,4,아이폰 스냅
온미,경기도,수원,20000,20000,4,아이폰 스냅
온미,경기도,안산,0,0,4,아이폰 스냅
온미,경기도,안산(대부도),0,0,4,아이폰 스냅
온미,경기도,안성,30000,30000,4,아이폰 스냅
온미,경기도,안양,0,0,4,아이폰 스냅
온미,경기도,양주,0,0,4,아이폰 스냅
온미,경기도,양평,0,0,4,아이폰 스냅
온미,경기도,오산,0,0,4,아이폰 스냅
온미,경기도,용인,20000,20000,4,아이폰 스냅
온미,경기도,의왕,0,0,4,아이폰 스냅
온미,경기도,인천,0,0,4,아이폰 스냅
온미,경기도,일산,0,0,4,아이폰 스냅
온미,경기도,파주,0,0,4,아이폰 스냅
온미,경기도,포천,0,0,4,아이폰 스냅
온미,경기도,하남,0,0,4,아이폰 스냅
온미,경기도,화성,20000,20000,4,아이폰 스냅
제이마리드컴퍼니,서울,서울,0,0,3,본식 스냅
제이마리드컴퍼니,경기도,가평,150000,150000,3,본식 스냅
제이마리드컴퍼니,경기도,광주,100000,100000,3,본식 스냅
제이마리드컴퍼니,경기도,김포,100000,100000,3,본식 스냅
제이마리드컴퍼니,경기도,남양주,100000,100000,3,본식 스냅
제이마리드컴퍼니,경기도,동두천,100000,100000,3,본식 스냅
제이마리드컴퍼니,경기도,성남,70000,70000,3,본식 스냅
제이마리드컴퍼니,경기도,수원,70000,70000,3,본식 스냅
제이마리드컴퍼니,경기도,안산,70000,70000,3,본식 스냅
제이마리드컴퍼니,경기도,안산(대부도),100000,100000,3,본식 스냅
제이마리드컴퍼니,경기도,안성,100000,100000,3,본식 스냅
제이마리드컴퍼니,경기도,안양,70000,70000,3,본식 스냅
제이마리드컴퍼니,경기도,양주,100000,100000,3,본식 스냅
제이마리드컴퍼니,경기도,양평,150000,150000,3,본식 스냅
제이마리드컴퍼니,경기도,오산,70000,70000,3,본식 스냅
제이마리드컴퍼니,경기도,용인,70000,70000,3,본식 스냅
제이마리드컴퍼니,경기도,의왕,50000,50000,3,본식 스냅
제이마리드컴퍼니,경기도,인천,70000,70000,3,본식 스냅
제이마리드컴퍼니,경기도,일산,100000,100000,3,본식 스냅
제이마리드컴퍼니,경기도,파주,100000,100000,3,본식 스냅
제이마리드컴퍼니,경기도,포천,100000,100000,3,본식 스냅
제이마리드컴퍼니,경기도,하남,100000,100000,3,본식 스냅
제이마리드컴퍼니,경기도,화성,100000,100000,3,본식 스냅
제이마리드컴퍼니,강원도,강릉,250000,250000,3,본식 스냅
제이마리드컴퍼니,강원도,속초,250000,250000,3,본식 스냅
제이마리드컴퍼니,강원도,양양,250000,250000,3,본식 스냅
제이마리드컴퍼니,강원도,원주,200000,200000,3,본식 스냅
제이마리드컴퍼니,강원도,춘천,200000,200000,3,본식 스냅
제이마리드컴퍼니,강원도,평창,250000,250000,3,본식 스냅
제이마리드컴퍼니,강원도,횡성,250000,250000,3,본식 스냅
제이마리드컴퍼니,충청도,논산,200000,200000,3,본식 스냅
제이마리드컴퍼니,충청도,대전,200000,200000,3,본식 스냅
제이마리드컴퍼니,충청도,제천,200000,200000,3,본식 스냅
제이마리드컴퍼니,충청도,청주,200000,200000,3,본식 스냅
제이마리드컴퍼니,충청도,충주,200000,200000,3,본식 스냅
제이마리드컴퍼니,충청도,태안,200000,200000,3,본식 스냅
제이마리드컴퍼니,전라도,광주,250000,250000,3,본식 스냅
제이마리드컴퍼니,전라도,군산,250000,250000,3,본식 스냅
제이마리드컴퍼니,전라도,전주,250000,250000,3,본식 스냅
제이마리드컴퍼니,경상도,문경,250000,250000,3,본식 스냅
제이마리드컴퍼니,경상도,부산,300000,300000,3,본식 스냅
제이마리드컴퍼니,경상도,울산,300000,300000,3,본식 스냅
짙은포토그라피,서울,서울,0,0,3,본식 스냅
짙은포토그라피,경기도,가평,100000,100000,3,본식 스냅
짙은포토그라피,경기도,광주,100000,100000,3,본식 스냅
짙은포토그라피,경기도,김포,100000,100000,3,본식 스냅
짙은포토그라피,경기도,남양주,0,0,3,본식 스냅
짙은포토그라피,경기도,동두천,100000,100000,3,본식 스냅
짙은포토그라피,경기도,성남,100000,100000,3,본식 스냅
짙은포토그라피,경기도,수원,100000,100000,3,본식 스냅
짙은포토그라피,경기도,안산,100000,100000,3,본식 스냅
짙은포토그라피,경기도,안산(대부도),100000,100000,3,본식 스냅
짙은포토그라피,경기도,안성,100000,100000,3,본식 스냅
짙은포토그라피,경기도,안양,100000,100000,3,본식 스냅
짙은포토그라피,경기도,양주,100000,100000,3,본식 스냅
짙은포토그라피,경기도,양평,0,0,3,본식 스냅
짙은포토그라피,경기도,오산,100000,100000,3,본식 스냅
짙은포토그라피,경기도,용인,100000,100000,3,본식 스냅
짙은포토그라피,경기도,의왕,100000,100000,3,본식 스냅
짙은포토그라피,경기도,인천,100000,100000,3,본식 스냅
짙은포토그라피,경기도,일산,100000,100000,3,본식 스냅
짙은포토그라피,경기도,파주,100000,100000,3,본식 스냅
짙은포토그라피,경기도,포천,100000,100000,3,본식 스냅
짙은포토그라피,경기도,하남,0,0,3,본식 스냅
짙은포토그라피,경기도,화성,100000,100000,3,본식 스냅
짙은포토그라피,강원도,강릉,200000,200000,3,본식 스냅
짙은포토그라피,강원도,속초,200000,200000,3,본식 스냅
짙은포토그라피,강원도,양양,200000,200000,3,본식 스냅
짙은포토그라피,강원도,원주,200000,200000,3,본식 스냅
짙은포토그라피,강원도,춘천,200000,200000,3,본식 스냅
짙은포토그라피,강원도,평창,200000,200000,3,본식 스냅
짙은포토그라피,강원도,횡성,200000,200000,3,본식 스냅
짙은포토그라피,충청도,논산,200000,200000,3,본식 스냅
짙은포토그라피,충청도,대전,200000,200000,3,본식 스냅
짙은포토그라피,충청도,제천,200000,200000,3,본식 스냅
짙은포토그라피,충청도,청주,200000,200000,3,본식 스냅
짙은포토그라피,충청도,충주,200000,200000,3,본식 스냅
짙은포토그라피,충청도,태안,200000,200000,3,본식 스냅
프리즘홀,서울,서울,0,0,3,본식 스냅/야외 스냅
프리즘홀,경기도,가평,150000,150000,3,본식 스냅/야외 스냅
프리즘홀,경기도,광주,150000,150000,3,본식 스냅/야외 스냅
프리즘홀,경기도,김포,100000,100000,3,본식 스냅/야외 스냅
프리즘홀,경기도,남양주,100000,100000,3,본식 스냅/야외 스냅
프리즘홀,경기도,동두천,100000,100000,3,본식 스냅/야외 스냅
프리즘홀,경기도,성남,100000,100000,3,본식 스냅/야외 스냅
프리즘홀,경기도,수원,100000,100000,3,본식 스냅/야외 스냅
프리즘홀,경기도,안산,100000,100000,3,본식 스냅/야외 스냅
프리즘홀,경기도,안산(대부도),150000,150000,3,본식 스냅/야외 스냅
프리즘홀,경기도,안성,150000,150000,3,본식 스냅/야외 스냅
프리즘홀,경기도,안양,100000,100000,3,본식 스냅/야외 스냅
프리즘홀,경기도,양주,100000,100000,3,본식 스냅/야외 스냅
프리즘홀,경기도,양평,150000,150000,3,본식 스냅/야외 스냅
프리즘홀,경기도,오산,150000,150000,3,본식 스냅/야외 스냅
프리즘홀,경기도,용인,150000,150000,3,본식 스냅/야외 스냅
프리즘홀,경기도,의왕,100000,100000,3,본식 스냅/야외 스냅
프리즘홀,경기도,인천,100000,100000,3,본식 스냅/야외 스냅
프리즘홀,경기도,일산,100000,100000,3,본식 스냅/야외 스냅
프리즘홀,경기도,파주,150000,150000,3,본식 스냅/야외 스냅
프리즘홀,경기도,포천,150000,150000,3,본식 스냅/야외 스냅
프리즘홀,경기도,하남,100000,100000,3,본식 스냅/야외 스냅
프리즘홀,경기도,화성,150000,150000,3,본식 스냅/야외 스냅
프리즘홀,강원도,강릉,350000,350000,3,본식 스냅/야외 스냅
프리즘홀,강원도,속초,350000,350000,3,본식 스냅/야외 스냅
프리즘홀,강원도,양양,350000,350000,3,본식 스냅/야외 스냅
프리즘홀,강원도,원주,250000,250000,3,본식 스냅/야외 스냅
프리즘홀,강원도,춘천,250000,250000,3,본식 스냅/야외 스냅
프리즘홀,강원도,평창,250000,250000,3,본식 스냅/야외 스냅
프리즘홀,강원도,횡성,250000,250000,3,본식 스냅/야외 스냅
프리즘홀,충청도,논산,300000,300000,3,본식 스냅/야외 스냅
프리즘홀,충청도,대전,300000,300000,3,본식 스냅/야외 스냅
프리즘홀,충청도,제천,250000,250000,3,본식 스냅/야외 스냅
프리즘홀,충청도,청주,250000,250000,3,본식 스냅/야외 스냅
프리즘홀,충청도,충주,250000,250000,3,본식 스냅/야외 스냅
프리즘홀,충청도,태안,250000,250000,3,본식 스냅/야외 스냅
프리즘홀,전라도,광주,450000,450000,3,본식 스냅/야외 스냅
프리즘홀,전라도,군산,400000,400000,3,본식 스냅/야외 스냅
프리즘홀,전라도,전주,400000,400000,3,본식 스냅/야외 스냅
프리즘홀,경상도,문경,350000,350000,3,본식 스냅/야외 스냅
프리즘홀,경상도,부산,450000,450000,3,본식 스냅/야외 스냅
프리즘홀,경상도,울산,500000,500000,3,본식 스냅/야외 스냅
피앤씨 컴퍼니 (심스냅),서울,서울,0,0,1,본식 스냅
피앤씨 컴퍼니 (심스냅),경기도,가평,165000,165000,1,본식 스냅
피앤씨 컴퍼니 (심스냅),경기도,광주,110000,110000,1,본식 스냅
피앤씨 컴퍼니 (심스냅),경기도,김포,55000,55000,1,본식 스냅
피앤씨 컴퍼니 (심스냅),경기도,남양주,55000,55000,1,본식 스냅
피앤씨 컴퍼니 (심스냅),경기도,동두천,110000,110000,1,본식 스냅
피앤씨 컴퍼니 (심스냅),경기도,성남,55000,55000,1,본식 스냅
피앤씨 컴퍼니 (심스냅),경기도,수원,55000,55000,1,본식 스냅
피앤씨 컴퍼니 (심스냅),경기도,안산,55000,55000,1,본식 스냅
피앤씨 컴퍼니 (심스냅),경기도,안산(대부도),110000,110000,1,본식 스냅
피앤씨 컴퍼니 (심스냅),경기도,안성,110000,110000,1,본식 스냅
피앤씨 컴퍼니 (심스냅),경기도,안양,55000,55000,1,본식 스냅
피앤씨 컴퍼니 (심스냅),경기도,양주,110000,110000,1,본식 스냅
피앤씨 컴퍼니 (심스냅),경기도,양평,165000,165000,1,본식 스냅
피앤씨 컴퍼니 (심스냅),경기도,오산,77000,77000,1,본식 스냅
피앤씨 컴퍼니 (심스냅),경기도,용인,77000,77000,1,본식 스냅
피앤씨 컴퍼니 (심스냅),경기도,의왕,55000,55000,1,본식 스냅
피앤씨 컴퍼니 (심스냅),경기도,인천,55000,55000,1,본식 스냅
피앤씨 컴퍼니 (심스냅),경기도,일산,55000,55000,1,본식 스냅
피앤씨 컴퍼니 (심스냅),경기도,파주,110000,110000,1,본식 스냅
피앤씨 컴퍼니 (심스냅),경기도,포천,165000,165000,1,본식 스냅
피앤씨 컴퍼니 (심스냅),경기도,하남,55000,55000,1,본식 스냅
피앤씨 컴퍼니 (심스냅),경기도,화성,55000,55000,1,본식 스냅
